{
  "esTaskRef": [
    {
      "ref": "21-23-00-810-801-A",
      "title": "Galley and Lavatory Extraction Fault",
      "effectivity": [
        {
          "gte": 1,
          "lte": 999
        }
      ],
      "possibleCause": [
        {
          "possibleCause": {
            "nlru": [],
            "lru": [
              "GALLEY & TOILET FAN ( 1HU )"
            ],
            "fltwire": []
          },
          "effectivity": [
            {
              "gte": 201,
              "lte": 213
            },
            {
              "gte": 215,
              "lte": 222
            },
            {
              "gte": 225,
              "lte": 226
            },
            {
              "gte": 228,
              "lte": 228
            },
            {
              "gte": 232,
              "lte": 249
            },
            {
              "gte": 251,
              "lte": 252
            },
            {
              "gte": 255,
              "lte": 287
            },
            {
              "gte": 290,
              "lte": 290
            },
            {
              "gte": 292,
              "lte": 292
            },
            {
              "gte": 296,
              "lte": 299
            },
            {
              "gte": 401,
              "lte": 405
            },
            {
              "gte": 408,
              "lte": 408
            },
            {
              "gte": 411,
              "lte": 413
            },
            {
              "gte": 415,
              "lte": 449
            },
            {
              "gte": 451,
              "lte": 460
            },
            {
              "gte": 464,
              "lte": 467
            },
            {
              "gte": 473,
              "lte": 473
            }
          ]
        },
        {
          "possibleCause": {
            "nlru": [],
            "lru": [
              "RELAY-FAN POWER ( 2HU )"
            ],
            "fltwire": []
          },
          "effectivity": [
            {
              "gte": 201,
              "lte": 213
            },
            {
              "gte": 215,
              "lte": 222
            },
            {
              "gte": 225,
              "lte": 226
            },
            {
              "gte": 228,
              "lte": 228
            },
            {
              "gte": 232,
              "lte": 249
            },
            {
              "gte": 251,
              "lte": 252
            },
            {
              "gte": 255,
              "lte": 287
            },
            {
              "gte": 290,
              "lte": 290
            },
            {
              "gte": 292,
              "lte": 292
            },
            {
              "gte": 296,
              "lte": 299
            },
            {
              "gte": 401,
              "lte": 405
            },
            {
              "gte": 408,
              "lte": 408
            },
            {
              "gte": 411,
              "lte": 413
            },
            {
              "gte": 415,
              "lte": 449
            },
            {
              "gte": 451,
              "lte": 460
            },
            {
              "gte": 464,
              "lte": 467
            },
            {
              "gte": 473,
              "lte": 473
            }
          ]
        },
        {
          "possibleCause": {
            "nlru": [],
            "lru": [
              "RELAY-FAN CONTROL ( 3HU )"
            ],
            "fltwire": []
          },
          "effectivity": [
            {
              "gte": 201,
              "lte": 213
            },
            {
              "gte": 215,
              "lte": 222
            },
            {
              "gte": 225,
              "lte": 226
            },
            {
              "gte": 228,
              "lte": 228
            },
            {
              "gte": 232,
              "lte": 249
            },
            {
              "gte": 251,
              "lte": 252
            },
            {
              "gte": 255,
              "lte": 287
            },
            {
              "gte": 290,
              "lte": 290
            },
            {
              "gte": 292,
              "lte": 292
            },
            {
              "gte": 296,
              "lte": 299
            },
            {
              "gte": 401,
              "lte": 405
            },
            {
              "gte": 408,
              "lte": 408
            },
            {
              "gte": 411,
              "lte": 413
            },
            {
              "gte": 415,
              "lte": 449
            },
            {
              "gte": 451,
              "lte": 460
            },
            {
              "gte": 464,
              "lte": 467
            },
            {
              "gte": 473,
              "lte": 473
            }
          ]
        },
        {
          "possibleCause": {
            "nlru": [],
            "lru": [
              "RELAY-FAN FAULT ( 4HU )"
            ],
            "fltwire": []
          },
          "effectivity": [
            {
              "gte": 201,
              "lte": 213
            },
            {
              "gte": 215,
              "lte": 222
            },
            {
              "gte": 225,
              "lte": 226
            },
            {
              "gte": 228,
              "lte": 228
            },
            {
              "gte": 232,
              "lte": 249
            },
            {
              "gte": 251,
              "lte": 252
            },
            {
              "gte": 255,
              "lte": 287
            },
            {
              "gte": 290,
              "lte": 290
            },
            {
              "gte": 292,
              "lte": 292
            },
            {
              "gte": 296,
              "lte": 299
            },
            {
              "gte": 401,
              "lte": 405
            },
            {
              "gte": 408,
              "lte": 408
            },
            {
              "gte": 411,
              "lte": 413
            },
            {
              "gte": 415,
              "lte": 449
            },
            {
              "gte": 451,
              "lte": 460
            },
            {
              "gte": 464,
              "lte": 467
            },
            {
              "gte": 473,
              "lte": 473
            }
          ]
        },
        {
          "possibleCause": {
            "nlru": [],
            "lru": [
              "GALLEY & TOILET FAN ( 1HU )"
            ],
            "fltwire": []
          },
          "effectivity": [
            {
              "gte": 461,
              "lte": 463
            },
            {
              "gte": 468,
              "lte": 472
            },
            {
              "gte": 474,
              "lte": 500
            }
          ]
        },
        {
          "possibleCause": {
            "nlru": [],
            "lru": [
              "RELAY-FAN POWER ( 2HU )"
            ],
            "fltwire": []
          },
          "effectivity": [
            {
              "gte": 461,
              "lte": 463
            },
            {
              "gte": 468,
              "lte": 472
            },
            {
              "gte": 474,
              "lte": 500
            }
          ]
        },
        {
          "possibleCause": {
            "nlru": [],
            "lru": [
              "RELAY-FAN CONTROL ( 3HU )"
            ],
            "fltwire": []
          },
          "effectivity": [
            {
              "gte": 461,
              "lte": 463
            },
            {
              "gte": 468,
              "lte": 472
            },
            {
              "gte": 474,
              "lte": 500
            }
          ]
        },
        {
          "possibleCause": {
            "nlru": [],
            "lru": [
              "RELAY-FAN FAULT ( 4HU )"
            ],
            "fltwire": []
          },
          "effectivity": [
            {
              "gte": 461,
              "lte": 463
            },
            {
              "gte": 468,
              "lte": 472
            },
            {
              "gte": 474,
              "lte": 500
            }
          ]
        },
        {
          "possibleCause": {
            "nlru": [
              "wiring"
            ],
            "lru": [],
            "fltwire": []
          },
          "effectivity": [
            {
              "gte": 201,
              "lte": 213
            },
            {
              "gte": 215,
              "lte": 222
            },
            {
              "gte": 225,
              "lte": 226
            },
            {
              "gte": 228,
              "lte": 228
            },
            {
              "gte": 232,
              "lte": 249
            },
            {
              "gte": 251,
              "lte": 252
            },
            {
              "gte": 255,
              "lte": 287
            },
            {
              "gte": 290,
              "lte": 290
            },
            {
              "gte": 292,
              "lte": 292
            },
            {
              "gte": 296,
              "lte": 299
            },
            {
              "gte": 401,
              "lte": 405
            },
            {
              "gte": 408,
              "lte": 408
            },
            {
              "gte": 411,
              "lte": 413
            },
            {
              "gte": 415,
              "lte": 449
            },
            {
              "gte": 451,
              "lte": 460
            },
            {
              "gte": 464,
              "lte": 467
            },
            {
              "gte": 473,
              "lte": 473
            }
          ]
        },
        {
          "possibleCause": {
            "nlru": [
              "wiring"
            ],
            "lru": [],
            "fltwire": []
          },
          "effectivity": [
            {
              "gte": 461,
              "lte": 463
            },
            {
              "gte": 468,
              "lte": 472
            },
            {
              "gte": 474,
              "lte": 500
            }
          ]
        }
      ]
    }
  ]
}