{
	"title": "More filters",
    "filters": [
    {
        "title": "A/C Type",
        "type": "AIRCRAFT_TYPE",
        "values": [
            {
                "value": "A318",
                "active": false
            },
            {
                "value": "A319",
                "active": false
            },
            {
                "value": "A320",
                "active": false
            },
            {
                "value": "A321",
                "active": false
            },
            {
                "value": "A330",
                "active": false
            },
            {
                "value": "A340",
                "active": false
            }
        ]        
    }
    ]
}