<assembly xmlns="http://maven.apache.org/ASSEMBLY/2.0.0"
          xmlns:xsi="http://www.w3.org/2001/XMLSchema-instance"
          xsi:schemaLocation="http://maven.apache.org/ASSEMBLY/2.0.0 http://maven.apache.org/xsd/assembly-2.0.0.xsd">
    <id>package</id>
    <formats>
        <format>zip</format>
    </formats>
    <fileSets>
        <fileSet>
            <includes>
                <include>deploy.sh</include>
                <include>serverless*.yml</include>
                <include>scripts/*</include>
            </includes>
        </fileSet>
        <fileSet>
            <directory>build</directory>
            <includes>
                <include>**</include>
            </includes>
            <outputDirectory>client/dist</outputDirectory>
        </fileSet>
    </fileSets>
</assembly>
