{
    "graphColor1": "#00aec7",
    "graphColor2": "#00205b",
    "graphColor3": "#03b075",
    "graphColor4": "#84bd00",
    "graphColor5": "#e1e000",
    "graphColor6": "#fabd00",
    "graphColor7": "#ff7700",
    "graphColor8": "#e4002b",
    "thresholdColor1": "#e974b5",
    "thresholdColor2": "#a51890",
    "thresholdColor3": "#be0a6e",
    "thresholdColor4": "#780a68",
    "thresholdColor5": "#f8b1cc",
    "thresholdColor6": "#cd80bc",
    "thresholdColor7": "#feebf2",
    "thresholdColor8": "#f0d4e8",
    "titleColor": "#000",
    "gridLineColor": "#d0d0d0",
    "minorGridLineColor": "#dcdcdc",
    "iconsAxColor1": "#ffffff",
    "iconsAxColor2": "#e0e3e9",
    "tooltipBorderColor": "#505d73",
    "tooltipBackgroundColor": "rgba(80, 93, 115, 0.95)",
    "separatorColor": "#808080",
    "transparent": "rgba(0, 0, 0, 0)"
}